{
    "entScaleOps": {
        "title": "Azure Landing Zone",
        "description": "Azure Landing Zones help organizations operate mature cloud environments",
        "icon": "ManagerSelfService",
        "sections": [
            {
                "key": "entscale",
                "sectionTitle": "Enterprise Scale Management Group",
                "sectionDescription" : "The Azure Landing Zone (Enterprise-Scale) architecture provides prescriptive guidance, following design principles across the critical design areas for an organization's Azure environment. These AKS Landing Zone presets are designed to fit with the different Enterprise Scale Mangement Group patterns.",
                "sectionMoreInfoLink" : "https://docs.microsoft.com/azure/cloud-adoption-framework/ready/enterprise-scale",
                "sectionWarning": "Before you continue, Ensure you have deployed the Enterprise Scale reference implementation",
                "cards": [
                    {
                        "key": "sandbox",
                        "default": true,
                        "title": "Sandbox",
                        "description": {
                            "title": "For dev/test applications, and other experimental purposes. Sandbox Subscriptions will not typically be allowed connectivity to Production and Policy will prevent the connectivity to on-premises Resources.",
                            "bulets": [
                                {
                                    "description": "Cluster auto-scaler (2-4 nodes)",
                                    "linksrc": "https://docs.microsoft.com/en-us/azure/aks/cluster-autoscaler"
                                },
                                {
                                    "description": "Azure Monitor for Containers",
                                    "linksrc": "https://docs.microsoft.com/en-us/azure/azure-monitor/insights/container-insights-overview"
                                },
                                {
                                    "description": "Azure Container Registry (public)"
                                },
                                {
                                    "description": "AAD Integration",
                                    "linksrc": "https://docs.microsoft.com/en-gb/azure/aks/managed-aad"
                                },
                                {
                                    "description": "Audit Pod security baseline standards",
                                    "linksrc": "https://docs.microsoft.com/en-us/azure/governance/policy/concepts/policy-for-kubernetes"
                                }
                            ]
                        },
                        "imageSrc": "./Entscale-sandbox.png",
                        "author": {
                            "name": "Gordon Byers",
                            "initials": "GB",
                            "status": "Updated March, 2021"
                        },
                        "values": {
                            "deploy": {
                                "workloadDeployCommands": []
                            },
                            "cluster": {
                                "enable_aad": true,
                                "AksDisableLocalAccounts": false,
                                "apisecurity": "none",
                                "autoscale": true,
                                "agentCount": 2,
                                "maxCount": 4,
                                "upgradeChannel": "none",
                                "DefenderForContainers": true,
                                "AksPaidSkuForSLA": false
                            },
                            "addons": {
                                "networkPolicy": "none",
                                "registry": "Basic",
                                "azurepolicy": "audit",
                                "ingress": "none",
                                "appgwKVIntegration": false,
                                "monitor": "aci",
                                "csisecret": "none"
                            },
                            "net": {
                                "vnetprivateend": false,
                                "vnet_opt": "default",
                                "afw": false
                            }
                        }
                    },
                    {
                        "key": "corp",
                        "default": true,
                        "title": "Corp (Connected existing Hub)",
                        "description": {
                            "title": "For Corp connected applications that require connectivity to on-premises, to other landing zones or to the internet via shared services provided in a network hub",
                            "titleWarning": {
                                "description": "Requires existing Subnet, preconfigured with firewall egress",
                                "MessageBarType": 5
                            },
                            "bulets": [
                                {
                                    "description": "Cluster auto-scaler",
                                    "linksrc": "https://docs.microsoft.com/en-us/azure/aks/cluster-autoscaler"
                                },
                                {
                                    "description": "Azure Monitor for Containers",
                                    "linksrc": "https://docs.microsoft.com/en-us/azure/azure-monitor/insights/container-insights-overview"
                                },
                                {
                                    "description": "Azure Container Registry (with Private Link)"
                                },
                                {
                                    "description": "Azure AppGateway Ingress",
                                    "linksrc": "https://docs.microsoft.com/en-gb/azure/application-gateway/ingress-controller-overview"
                                },
                                {
                                    "description": "AAD Integration",
                                    "linksrc": "https://docs.microsoft.com/en-gb/azure/aks/managed-aad"
                                },
                                {
                                    "description": "Audit Pod security baseline standards",
                                    "linksrc": "https://docs.microsoft.com/en-us/azure/governance/policy/concepts/policy-for-kubernetes"
                                },
                                {
                                    "description": "East-West traffic control",
                                    "linksrc": "https://docs.microsoft.com/en-gb/azure/aks/use-network-policies"
                                },
                                {
                                    "description": "Private Cluster",
                                    "linksrc": "https://docs.microsoft.com/en-us/azure/aks/private-clusters"
                                },
                                {
                                    "description": "Restrict dependencies with Private Link",
                                    "linksrc": "https://docs.microsoft.com/en-us/azure/private-link/private-link-overview"
                                },
                                {
                                    "description": "Store Kubernetes Secrets in Azure KeyVault,",
                                    "linksrc": "https://docs.microsoft.com/en-us/azure/aks/csi-secrets-store-driver"
                                }
                            ]
                        },
                        "imageSrc": "./Entscale-corp.png",
                        "author": {
                            "name": "Gordon Byers",
                            "initials": "GB",
                            "status": "Updated March, 2021"
                        },
                        "values": {
                            "deploy": {
                                "workloadDeployCommands": []
                            },
                            "cluster": {
                                "enable_aad": true,
                                "AksDisableLocalAccounts": true,
                                "apisecurity": "private",
                                "autoscale": true,
                                "upgradeChannel": "none",
                                "DefenderForContainers": true,
                                "AksPaidSkuForSLA": true
                            },
                            "addons": {
                                "networkPolicy": "azure",
                                "registry": "Premium",
                                "azurepolicy": "audit",
                                "ingress": "appgw",
                                "monitor": "aci",
                                "csisecret": "akvNew",
                                "appgwKVIntegration": true
                            },
                            "net": {
                                "vnetprivateend": true,
                                "vnet_opt": "byo",
                                "afw": false
                            }
                        }
                    },
                    {
                        "key": "online",
                        "default": true,
                        "title": "Online (Internet facing)",
                        "description": {
                            "title": "For Online applications that will be internet-facing, where hybrid connectivity is not required",
                            "bulets": [
                                {
                                    "description": "Cluster auto-scaler",
                                    "linksrc": "https://docs.microsoft.com/en-us/azure/aks/cluster-autoscaler"
                                },
                                {
                                    "description": "Azure Monitor for Containers",
                                    "linksrc": "https://docs.microsoft.com/en-us/azure/azure-monitor/insights/container-insights-overview"
                                },
                                {
                                    "description": "Azure Container Registry (with Private Link)"
                                },
                                {
                                    "description": "Azure AppGateway Ingress",
                                    "linksrc": "https://docs.microsoft.com/en-gb/azure/application-gateway/ingress-controller-overview"
                                },
                                {
                                    "description": "AAD Integration",
                                    "linksrc": "https://docs.microsoft.com/en-gb/azure/aks/managed-aad"
                                },
                                {
                                    "description": "Audit Pod security baseline standards",
                                    "linksrc": "https://docs.microsoft.com/en-us/azure/governance/policy/concepts/policy-for-kubernetes"
                                },
                                {
                                    "description": "East-West traffic control",
                                    "linksrc": "https://docs.microsoft.com/en-gb/azure/aks/use-network-policies"
                                },
                                {
                                    "description": "Private Cluster",
                                    "linksrc": "https://docs.microsoft.com/en-us/azure/aks/private-clusters"
                                },
                                {
                                    "description": "Restrict dependencies with Private Link",
                                    "linksrc": "https://docs.microsoft.com/en-us/azure/private-link/private-link-overview"
                                },
                                {
                                    "description": "Restrict egress with Azure firewall (provisioned & configured separately)",
                                    "linksrc": "https://docs.microsoft.com/en-us/azure/aks/limit-egress-traffic#restrict-egress-traffic-using-azure-firewall"
                                },
                                {
                                    "description": "Store Kubernetes Secrets in Azure KeyVault,",
                                    "linksrc": "https://docs.microsoft.com/en-us/azure/aks/csi-secrets-store-driver"
                                }
                            ]
                        },
                        "imageSrc": "./Entscale-online.png",
                        "author": {
                            "name": "Gordon Byers",
                            "initials": "GB",
                            "status": "Updated March, 2021"
                        },
                        "values": {
                            "deploy": {
                                "workloadDeployCommands": []
                            },
                            "cluster": {
                                "enable_aad": true,
                                "AksDisableLocalAccounts": true,
                                "apisecurity": "private",
                                "autoscale": true,
                                "upgradeChannel": "none",
                                "DefenderForContainers": true,
                                "AksPaidSkuForSLA": true
                            },
                            "addons": {
                                "networkPolicy": "azure",
                                "registry": "Premium",
                                "azurepolicy": "audit",
                                "ingress": "appgw",
                                "monitor": "aci",
                                "csisecret": "akvNew",
                                "appgwKVIntegration": true
                            },
                            "net": {
                                "vnetprivateend": true,
                                "vnet_opt": "custom",
                                "afw": true
                            }
                        }
                    }
                ]
            }
        ]
    }
}