{
    "$schema": "https://schema.management.azure.com/schemas/2019-04-01/deploymentParameters.json#",
    "contentVersion": "1.0.0.0",
    "metadata": {
        "template": "bicep/main.bicep"
    },
    "parameters": {
        "location": {
            "value": "westeurope"
        },
        "resourceName": {
            "value": "simplecluster"
        },
        "agentCount": {
            "value": 1
        },
        "agentVMSize": {
            "value": "Standard_DS3_v2"
        },
        "enable_aad": {
            "value": true
        },
        "enableAzureRBAC": {
            "value": true
        },
        "aksDisableLocalAccounts": {
            "value": true
          },
        "omsagent": {
            "value": true
        },
        "azurepolicy": {
            "value": "audit"
        },
        "retentionInDays": {
            "value": 30
        },
        "registries_sku": {
            "value": "Standard"
        },
        "aksOutboundTrafficType" : {
            "value": "managedNATGateway"
        }
    }
}
