
{
    "analyzers": {
      "core": {
        "enabled": true,
        "verbose": false,
        "rules": {
            "use-recent-api-versions" : {
                "level": "warning"
            },
            "no-hardcoded-location" : {
                "level": "error"
            },
            "no-loc-expr-outside-params" : {
                "level": "warning"
            },
            "protect-commandtoexecute-secrets" : {
                "level": "warning"
            },
            "explicit-values-for-loc-params" : {
                "level": "warning"
            },
            "adminusername-should-not-be-literal": {
                "level": "warning"
            },
            "no-hardcoded-env-urls": {
                "level": "warning"
            },
            "no-unnecessary-dependson": {
                "level": "warning"
            },
            "no-unused-params": {
                "level": "warning"
            },
            "no-unused-vars": {
                "level": "warning"
            },
            "outputs-should-not-contain-secrets": {
                "level": "warning"
            },
            "prefer-interpolation": {
                "level": "warning"
            },
            "secure-parameter-default": {
                "level": "warning"
            },
            "simplify-interpolation": {
                "level": "error"
            },
            "use-stable-vm-image": {
                "level": "warning"
            },
            "secure-secrets-in-params" : {
                "level": "error"
            }
        }
      }
    }
  }