{
    "$schema": "https://schema.management.azure.com/schemas/2019-04-01/deploymentParameters.json#",
    "contentVersion": "1.0.0.0",
    "parameters": {
      "resourceName": {
        "value": "az-k8s-kmsbyopl"
      },
      "agentVMSize": {
        "value": "Standard_DS3_v2"
      },
      "JustUseSystemPool": {
        "value": true
      },
      "custom_vnet": {
        "value": true
      },
      "privateLinks": {
        "value": true
      },
      "bastion": {
        "value": true
      },
      "registries_sku": {
        "value": "Premium"
      },
      "keyVaultKmsCreate": {
        "value": false
      },
      "keyVaultKmsByoRG": {
        "value": "Automation-Actions-AksDeployCI"
      },
      "keyVaultKmsByoKeyId": {
        "value": "https://YOURVAULTNAME.vault.azure.net/keys/YOURKEYNAME/KEYVERSIONSTRING"
      }
    }
  }
