{
  "$schema": "https://schema.management.azure.com/schemas/2019-04-01/deploymentParameters.json#",
  "contentVersion": "1.0.0.0",
  "parameters": {
    "resourceName": {
      "value": "az-k8s-keyvault"
    },
    "custom_vnet": {
      "value": true
    },
    "registries_sku": {
      "value": "Premium"
    },
    "omsagent": {
      "value": true
    },
    "ingressApplicationGateway": {
      "value": true
    },
    "appGWcount": {
      "value": 0
    },
    "appGWsku": {
      "value": "WAF_v2"
    },
    "appGWmaxCount": {
      "value": 2
    },
    "privateIpApplicationGateway": {
      "value": "10.2.0.4"
    },
    "appgwKVIntegration": {
      "value": true
    },
    "keyVaultAksCSI": {
      "value": true
    },
    "keyVaultCreate": {
      "value": true
    },
    "keyVaultIPAllowlist": {
      "value": [
        "1.2.3.4/32"
      ]
    }
  }
}
