{
  "$schema": "https://schema.management.azure.com/schemas/2019-04-01/deploymentParameters.json#",
  "contentVersion": "1.0.0.0",
  "parameters": {
    "resourceName": {
      "value": "az-k8s-eos6"
    },
    "agentCount": {
      "value": 1
    },
    "agentVMSize": {
      "value": "Standard_DS3_v2"
    },
    "agentCountMax": {
      "value": 5
    },
    "custom_vnet": {
      "value": true
    },
    "enable_aad": {
      "value": true
    },
    "enableAzureRBAC": {
      "value": true
    },
    "registries_sku": {
      "value": "Premium"
    },
    "acrPrivatePool": {
      "value": true
    },
    "azureFirewalls": {
      "value": true
    },
    "certManagerFW": {
      "value": true
    },
    "privateLinks": {
      "value": true
    },
    "omsagent": {
      "value": true
    },
    "retentionInDays": {
      "value": 30
    },
    "networkPolicy": {
      "value": "azure"
    },
    "azurepolicy": {
      "value": "audit"
    },
    "enablePrivateCluster": {
      "value": true
    },
    "dnsZoneId": {
      "value": "/this/parameter/is/overridden/in/my/script/valuefromsecrets"
    },
    "ingressApplicationGateway": {
      "value": true
    },
    "appGWcount": {
      "value": 0
    },
    "appGWsku": {
      "value": "WAF_v2"
    },
    "appGWmaxCount": {
      "value": 2
    },
    "privateIpApplicationGateway": {
      "value": "10.2.0.4"
    },
    "appgwKVIntegration": {
      "value": true
    },
    "keyVaultAksCSI": {
      "value": true
    },
    "keyVaultCreate": {
      "value": true
    },
    "upgradeChannel": {
      "value": "stable"
    }
  }
}
