{
  "$schema": "https://schema.management.azure.com/schemas/2019-04-01/deploymentParameters.json#",
  "contentVersion": "1.0.0.0",
  "parameters": {
    "resourceName": {
      "value": "az-k8s-3zb3"
    },
    "agentVMSize": {
      "value": "Standard_DS3_v2"
    },
    "agentCountMax": {
      "value": 20
    },
    "custom_vnet": {
      "value": true
    },
    "enable_aad": {
      "value": true
    },
    "aksDisableLocalAccounts": {
      "value": true
    },
    "enableAzureRBAC": {
      "value": true
    },
    "registries_sku": {
      "value": "Premium"
    },
    "azureFirewalls": {
      "value": true
    },
    "omsagent": {
      "value": true
    },
    "retentionInDays": {
      "value": 30
    },
    "networkPolicy": {
      "value": "calico"
    },
    "azurepolicy": {
      "value": "deny"
    },
    "enablePrivateCluster": {
      "value": true
    },
    "ingressApplicationGateway": {
      "value": true
    },
    "appGWcount": {
      "value": 0
    },
    "appGWsku": {
      "value": "WAF_v2"
    },
    "appGWmaxCount": {
      "value": 10
    },
    "appgwKVIntegration": {
      "value": true
    },
    "keyVaultCreate": {
      "value": true
    },
    "keyVaultAksCSI": {
      "value": true
    },
    "upgradeChannel": {
      "value": "stable"
    }
  }
}
