{
  "$schema": "https://schema.management.azure.com/schemas/2019-04-01/deploymentParameters.json#",
  "contentVersion": "1.0.0.0",
  "parameters": {
    "resourceName": {
      "value": "az-k8s-4chu"
    },
    "agentVMSize": {
      "value": "Standard_DS3_v2"
    },
    "custom_vnet": {
      "value": true
    },
    "enable_aad": {
      "value": true
    },
    "enableAzureRBAC": {
      "value": true
    },
    "networkPolicy": {
      "value": "azure"
    },
    "azurepolicy": {
      "value": "audit"
    },
    "keyVaultAksCSI": {
      "value": true
    },
    "keyVaultCreate": {
      "value": true
    }
  }
}
