{
    "$schema": "https://schema.management.azure.com/schemas/2019-04-01/deploymentParameters.json#",
    "contentVersion": "1.0.0.0",
    "metadata": {
        "template": "bicep/compiled/main.json",
        "config" : "https://azure.github.io/AKS-Construction?secure=normal&net.dnsServiceIP=172.10.0.10&ops=managed&cluster.SystemPoolType=Standard&cluster.availabilityZones=yes&cluster.apisecurity=whitelist&addons.ingress=appgw&addons.registry=Premium&addons.appGWcount=2"
    },
    "parameters": {
        "resourceName": {
            "value": "az-k8s-4wmn"
          },
          "SystemPoolType": {
            "value": "Standard"
          },
          "agentVMSize": {
            "value": "Standard_DS3_v2"
          },
          "agentCountMax": {
            "value": 20
          },
          "custom_vnet": {
            "value": true
          },
          "enable_aad": {
            "value": true
          },
          "enableAzureRBAC": {
            "value": true
          },
          "enableACRTrustPolicy": {
            "value": true
          },
          "registries_sku": {
            "value": "Premium"
          },
          "omsagent": {
            "value": true
          },
          "retentionInDays": {
            "value": 30
          },
          "networkPolicy": {
            "value": "azure"
          },
          "azurepolicy": {
            "value": "audit"
          },
          "availabilityZones": {
            "value": [
              "1",
              "2",
              "3"
            ]
          },
          "authorizedIPRanges": {
            "value": [
              "20.36.64.4/32",
              "20.36.64.5/32"
            ]
          },
          "ingressApplicationGateway": {
            "value": true
          },
          "appGWcount": {
            "value": 2
          },
          "appGWsku": {
            "value": "WAF_v2"
          },
          "appGWmaxCount": {
            "value": 10
          },
          "appgwKVIntegration": {
            "value": true
          },
          "keyVaultAksCSI": {
            "value": true
          },
          "keyVaultCreate": {
            "value": true
          },
          "upgradeChannel": {
            "value": "stable"
          },
          "AksDiagCategories": {
            "value": [
              "cluster-autoscaler",
              "kube-apiserver",
              "kube-controller-manager",
              "kube-audit-admin",
              "kube-scheduler",
              "guard"
            ]
          },
          "acrUntaggedRetentionPolicyEnabled": {
            "value": true
          },
          "aksDisableLocalAccounts": {
            "value": true
          }
    }
}
