{
  "$schema": "https://schema.management.azure.com/schemas/2019-04-01/deploymentParameters.json#",
  "contentVersion": "1.0.0.0",
  "parameters": {
    "resourceName": {
      "value": "az-k8s-win"
    },
    "agentVMSize": {
      "value": "Standard_DS4_v2"
    },
    "nodePoolName": {
      "value": "npwin1"
    },
    "osType": {
      "value": "Windows"
    },
    "osSKU": {
      "value": "Windows2019"
    },
    "retentionInDays": {
      "value": 30
    },
    "omsagent": {
      "value": true
    }
  }
}
