{
    "cert_manager": {
        "1_8_2": {
            "github_https_url": "github.com/cert-manager/cert-manager/releases/download/v1.8.2/cert-manager.yaml",
            "images": {
                "cainjector": {
                    "registry": "quay.io",
                    "repository": "jetstack/cert-manager-cainjector",
                    "tag": "v1.8.2"
                },
                "controller": {
                    "registry": "quay.io",
                    "repository": "jetstack/cert-manager-controller",
                    "tag": "v1.8.2"
                },
                "webhook": {
                    "registry": "quay.io",
                    "repository": "jetstack/cert-manager-webhook",
                    "tag": "v1.8.2"
                }
            }
        }
    },
    "bitnami/contour": {
        "8_0_2": {
            "images": {
                "contour.image":  {
                    "registry": "docker.io",
                    "repository": "bitnami/contour",
                    "tag": "1.21.1-debian-11-r0"
                },
                "envoy.image": {
                        "registry": "docker.io",
                        "repository": "bitnami/envoy",
                        "tag": "1.22.2-debian-11-r1"
                }
            }
        }
    },
    "externaldns" : {
        "1_9_0": {
            "github_https_url": "github.com/kubernetes-sigs/external-dns/releases/download/external-dns-helm-chart-1.9.0/external-dns-1.9.0.tgz",
            "images": {
                "image": {
                    "registry": "k8s.gcr.io",
                    "repository": "external-dns/external-dns",
                    "tag": "v0.11.0"
                }
            }
        },
        "1_11_0": {
            "github_https_url": "github.com/kubernetes-sigs/external-dns/releases/download/external-dns-helm-chart-1.11.0/external-dns-1.11.0.tgz",
            "images": {
                "image": {
                    "registry": "k8s.gcr.io",
                    "repository": "external-dns/external-dns",
                    "tag": "v0.12.2"
                }
            }
        }
    }
}